pmcid,url
PMC11976467,https://pmc.ncbi.nlm.nih.gov/articles/PMC11976467/
PMC10852285,https://pmc.ncbi.nlm.nih.gov/articles/PMC10852285/
PMC11191261,https://pmc.ncbi.nlm.nih.gov/articles/PMC11191261/
PMC10806549,https://pmc.ncbi.nlm.nih.gov/articles/PMC10806549/
PMC10953008,https://pmc.ncbi.nlm.nih.gov/articles/PMC10953008/
PMC11950133,https://pmc.ncbi.nlm.nih.gov/articles/PMC11950133/
PMC11458377,https://pmc.ncbi.nlm.nih.gov/articles/PMC11458377/
PMC11378222,https://pmc.ncbi.nlm.nih.gov/articles/PMC11378222/
PMC12207769,https://pmc.ncbi.nlm.nih.gov/articles/PMC12207769/
PMC12076820,https://pmc.ncbi.nlm.nih.gov/articles/PMC12076820/
PMC10895291,https://pmc.ncbi.nlm.nih.gov/articles/PMC10895291/
PMC11884164,https://pmc.ncbi.nlm.nih.gov/articles/PMC11884164/
PMC10860467,https://pmc.ncbi.nlm.nih.gov/articles/PMC10860467/
PMC11962972,https://pmc.ncbi.nlm.nih.gov/articles/PMC11962972/
PMC12257176,https://pmc.ncbi.nlm.nih.gov/articles/PMC12257176/
PMC10831188,https://pmc.ncbi.nlm.nih.gov/articles/PMC10831188/
PMC11112819,https://pmc.ncbi.nlm.nih.gov/articles/PMC11112819/
PMC12369044,https://pmc.ncbi.nlm.nih.gov/articles/PMC12369044/
PMC11334513,https://pmc.ncbi.nlm.nih.gov/articles/PMC11334513/
PMC12075272,https://pmc.ncbi.nlm.nih.gov/articles/PMC12075272/
